OBJECTID,Loc_name,Score,X,Y,HFID,NAME,ADDRESS,CITY,STATE,ZIP,COUNTY_CD,COUNTYNAME,TELEPHONE,FAX,LIC_TYPE,CAH,DEEMED,SWING,HLTH_SYS,ADMINISTRATOR,HOSP_BEDS,BASS_BEDS,HOSP18_BEDS
138,MANUAL,,479384.6346,4977886.323,242,ABBOTT NORTHWESTERN HOSPITAL,800 EAST 28TH STREET,MINNEAPOLIS,MN,55407,27,HENNEPIN,612-863-4000,612-863-5667,NONPROFIT CORPORATION,,Provider Has Deemed Status,,ALLINA HOSP & CLINICS,MR. TOM O'CONNOR,952,44,913
139,MANUAL,,263675.6439,5009549.93,655,APPLETON MUNICIPAL HOSPITAL,30 SOUTH BEHL STREET,APPLETON,MN,56208,76,SWIFT,320-289-2422,320-289-2764,CITY,Medicare Certified Critical Access Hospital,,Medicare Certified Swing Bed,INDEPENDENT,MS. LORI ANDREAS,15,1,0
140,MANUAL,,279017.1919,4925357.545,343,AVERA MARSHALL REG MED CENTER,300 SOUTH BRUCE STREET,MARSHALL,MN,56258,42,LYON,507-532-9661,507-532-9259,NONPROFIT CORPORATION,Medicare Certified Critical Access Hospital,,Medicare Certified Swing Bed,AVERA,MS. MARY MAERTENS,49,8,0
141,MANUAL,,250165.4013,4906832.716,338,AVERA TYLER HOSPITAL,240 WILLOW STREET,TYLER,MN,56178,41,LINCOLN,507-247-5521,507-247-5972,NONPROFIT CORPORATION,Medicare Certified Critical Access Hospital,,Medicare Certified Swing Bed,AVERA,MR. ALLEN ANDERSON,20,1,0
142,MANUAL,,451594.676,5288430.355,300,BIGFORK VALLEY HOSPITAL,258 PINE TREE DRIVE,BIGFORK,MN,56628,31,ITASCA,218-743-3177,218-743-3559,HOSPITAL DISTRICT OR AUTHORITY,Medicare Certified Critical Access Hospital,,Medicare Certified Swing Bed,INDEPENDENT,MR. AARON SAUDE,20,4,0
143,MANUAL,,431569.733,5004964.455,860,BUFFALO HOSPITAL,303 CATLIN STREET,BUFFALO,MN,55313,86,WRIGHT,763-682-1212,763-684-7910,NONPROFIT CORPORATION,,Provider Has Deemed Status,,ALLINA HOSP & CLINICS,MS. JENNIFER MYSTER,65,18,65
144,MANUAL,,481979.4517,5045875.286,295,CAMBRIDGE MEDICAL CENTER,701 SOUTH DELLWOOD STREET,CAMBRIDGE,MN,55008,30,ISANTI,763-689-7700,763-688-7941,NONPROFIT CORPORATION,,Provider Has Deemed Status,,ALLINA HOSP & CLINICS,MR. GARY SHAW,86,15,86
145,MANUAL,,339074.1193,4998332.873,316,CARRIS HEALTH LLC,301 BECKER AVENUE SW,WILLMAR,MN,56201,34,KANDIYOHI,320-231-4227,320-231-4869,LIMITED LIABILITY COMPANY,,Provider Has Deemed Status,,INDEPENDENT,MR. MICHAEL SCHRAMM,136,20,128
146,MANUAL,,356801.935,5092767.148,33211,CENTRACARE HEALTH LONG PRAIRIE,50 CENTRACARE DRIVE,LONG PRAIRIE,MN,56347,77,TODD,320-732-2141,320-732-7298,NONPROFIT CORPORATION,Medicare Certified Critical Access Hospital,,Medicare Certified Swing Bed,,MR. DANIEL SWENSON,34,10,0
147,MANUAL,,438953.4206,5016611.999,717,CENTRACARE HEALTH MONTICELLO,1013 HART BOULEVARD STE 1,MONTICELLO,MN,55362,86,WRIGHT,763-271-2845,763-271-2459,OTHER NONPROFIT OWNERSHIP,Medicare Certified Critical Access Hospital,Provider Has Deemed Status,Medicare Certified Swing Bed,CENTRACARE HEALTH SYSTEM,MS JENNIFER SMOLEN,39,12,0
148,MANUAL,,365657.2824,5025974.729,636,CENTRACARE HEALTH PAYNESVILLE,200 WEST 1ST STREET,PAYNESVILLE,MN,56362,73,STEARNS,320-243-3767,320-243-6707,LIMITED LIABILITY COMPANY,Medicare Certified Critical Access Hospital,,Medicare Certified Swing Bed,INDEPENDENT,MR. BRANDON PIETSCH,30,6,0
149,MANUAL,,357903.906,5059637.537,633,CENTRACARE HEALTH SYS MELROSE,525 MAIN STREET WEST,MELROSE,MN,56352,73,STEARNS,320-256-4231,320-256-1814,NONPROFIT CORPORATION,Medicare Certified Critical Access Hospital,,Medicare Certified Swing Bed,CENTRACARE HEALTH SYSTEM,MR. GERRY GILBERTSON,28,6,0
150,MANUAL,,347894.7974,5067663.618,640,CENTRACARE HEALTH SYSTEM,425 NORTH ELM STREET,SAUK CENTRE,MN,56378,73,STEARNS,320-352-2221,320-352-5150,NONPROFIT CORPORATION,Medicare Certified Critical Access Hospital,,Medicare Certified Swing Bed,CENTRACARE HEALTH SYSTEM,MR. DELANO CHRISTIANSON,28,8,0
151,MANUAL,,479335.3562,4978168.441,741,CHILDRENS HOSP & CLINICS MPLS,2525 CHICAGO AVENUE SOUTH,MINNEAPOLIS,MN,55404,27,HENNEPIN,612-813-6112,612-813-6807,NONPROFIT CORPORATION,,Provider Has Deemed Status,,CHILDRENS HOSP & CLINICS OF MN,DR. MARK GORELICK,279,196,279
152,MANUAL,,286098.3638,4981469.499,60,CHIPPEWA COUNTY MONTEVIDEO HOS,824 NORTH 11TH STREET,MONTEVIDEO,MN,56265,12,CHIPPEWA,320-269-8877,320-269-8186,CITY-COUNTY,Medicare Certified Critical Access Hospital,,Medicare Certified Swing Bed,INDEPENDENT,MR. CHUCK BRUHN,30,6,0
153,MANUAL,,541104.8326,5175444.657,48,COMMUNITY MEMORIAL HOSPITAL,512 SKYLINE BOULEVARD,CLOQUET,MN,55720,9,CARLTON,218-879-4641,218-879-9167,NONPROFIT CORPORATION,Medicare Certified Critical Access Hospital,,Medicare Certified Swing Bed,INDEPENDENT,MR. RICHARD BREUER,36,6,0
154,MANUAL,,523973.2377,5300054.798,586,COOK HOSPITAL,10 5TH STREET SE,COOK,MN,55723,69,SAINT LOUIS,218-666-6209,218-666-6238,HOSPITAL DISTRICT OR AUTHORITY,Medicare Certified Critical Access Hospital,,Medicare Certified Swing Bed,INDEPENDENT,MS. TERESA DEBEVEC,14,0,0
155,MANUAL,,427396.8371,5148009.278,91,CUYUNA REGIONAL MEDICAL CENTER,320 EAST MAIN STREET,CROSBY,MN,56441,18,CROW WING,218-546-2300,218-546-7268,NONPROFIT CORPORATION,Medicare Certified Critical Access Hospital,Provider Has Deemed Status,Medicare Certified Swing Bed,INDEPENDENT,MS. NANCY STRATMAN,42,7,0
156,MANUAL,,440242.7287,5243707.886,296,DEER RIVER HEALTH CARE CENTER,115 10TH AVENUE NE,DEER RIVER,MN,56636,31,ITASCA,218-246-2900,218-246-3013,NONPROFIT CORPORATION,Medicare Certified Critical Access Hospital,,Medicare Certified Swing Bed,ESSENTIA,MS. SHAWNA SMITH,20,6,0
157,MANUAL,,479427.3511,4903972.731,569,DISTRICT ONE HOSPITAL,200 STATE AVENUE,FARIBAULT,MN,55021,66,RICE,507-334-6451,507-332-4848,NONPROFIT CORPORATION,,,,ALLINA HOSP & CLINICS,MR. DAVID ALBRECHT,49,10,49
158,MANUAL,,315536.6101,5082783.33,111,DOUGLAS COUNTY HOSPITAL,111 17TH AVENUE EAST,ALEXANDRIA,MN,56308,21,DOUGLAS,320-762-1511,320-762-6120,COUNTY,,Provider Has Deemed Status,,INDEPENDENT,MR. CARL VAAGENES,127,14,127
159,MANUAL,,584289.5457,5305830.036,28259,ELY BLOOMENSON COMM HOSPITAL,328 WEST CONAN STREET,ELY,MN,55731,69,SAINT LOUIS,218-365-3271,218-365-8777,NONPROFIT CORPORATION,Medicare Certified Critical Access Hospital,,Medicare Certified Swing Bed,INDEPENDENT,MR. MICHAEL COYLE,21,0,0
160,MANUAL,,233039.1323,5244284.194,26485,ESSENTIA HEALTH ADA CLINIC,201 9TH STREET WEST,ADA,MN,56510,54,NORMAN,218-784-5000,218-784-3855,NONPROFIT CORPORATION,Medicare Certified Critical Access Hospital,,Medicare Certified Swing Bed,ESSENTIA,MS. ERIN STOLTMAN,14,0,0
161,MANUAL,,569199.7574,5182573.439,596,ESSENTIA HEALTH DULUTH,502 EAST 2ND STREET,DULUTH,MN,55805,69,SAINT LOUIS,218-786-2806,218-786-5922,NONPROFIT CORPORATION,,Provider Has Deemed Status,,ESSENTIA,MS. MELISSA SCHACHERER,165,0,121
162,MANUAL,,293967.6397,5272289.044,461,ESSENTIA HEALTH FOSSTON,900 HILLIGOSS BOULEVARD SE,FOSSTON,MN,56542,60,POLK,218-435-1133,218-435-1134,NONPROFIT CORPORATION,Medicare Certified Critical Access Hospital,,Medicare Certified Swing Bed,ESSENTIA,MR. KEVIN GISH,43,7,0
163,MANUAL,,232022.2235,5051200.912,27,ESSENTIA HEALTH HOLY TRINITY,115 WEST 2ND STREET BOX 157,GRACEVILLE,MN,56240,6,BIG STONE,320-748-8200,320-748-7240,NONPROFIT CORPORATION,Medicare Certified Critical Access Hospital,,Medicare Certified Swing Bed,ESSENTIA,MS. JULIE ROSENBERG,15,0,0
164,MANUAL,,558020.8806,5263015.405,604,ESSENTIA HEALTH NORTHERN PINES,5211 HIGHWAY 110,AURORA,MN,55705,69,SAINT LOUIS,218-229-4221,218-229-2042,NONPROFIT CORPORATION,Medicare Certified Critical Access Hospital,,Medicare Certified Swing Bed,ESSENTIA,MS. LAURA ACKMAN,16,4,0
165,MANUAL,,508862.0142,5107279.811,453,ESSENTIA HEALTH SANDSTONE,705 LUNDORFF DRIVE,SANDSTONE,MN,55072,58,PINE,320-245-2212,320-245-5243,NONPROFIT CORPORATION,Medicare Certified Critical Access Hospital,,Medicare Certified Swing Bed,ESSENTIA / IND.,MR. MICHAEL HEDRIX,30,5,0
166,MANUAL,,407236.2146,5134966.792,93,ESSENTIA HEALTH ST JOSEPHS MED,523 NORTH 3RD STREET,BRAINERD,MN,56401,18,CROW WING,218-829-2861,218-828-3103,CHURCH RELATED,,Provider Has Deemed Status,,ESSENTIA,MR. ADAM REES,162,15,140
167,MANUAL,,283067.4642,5188515.356,888,ESSENTIA HEALTH ST MARYS DETRO,1027 WASHINGTON AVENUE,DETROIT LAKES,MN,56501,3,BECKER,218-847-0888,218-847-7674,NONPROFIT CORPORATION,,Provider Has Deemed Status,Medicare Certified Swing Bed,ESSENTIA,MR. PETER JACOBSON,87,16,87
168,MANUAL,,568999.6731,5182634.349,600,ESSENTIA HEALTH ST MARYS MED,407 EAST 3RD STREET,DULUTH,MN,55805,69,SAINT LOUIS,218-786-4000,218-786-4888,NONPROFIT CORPORATION,,Provider Has Deemed Status,,ESSENTIA,MR. JAMES GARVEY,380,46,380
169,MANUAL,,533979.8212,5264369.666,603,ESSENTIA HEALTH VIRGINIA,901 9TH STREET NORTH,VIRGINIA,MN,55792,69,SAINT LOUIS,218-741-3340,218-749-6547,OTHER NONPROFIT OWNERSHIP,,Provider Has Deemed Status,,ESSENTIA,MS. LAURA ACKMAN,83,6,67
170,MANUAL,,499963.3573,5018690.483,6,FAIRVIEW LAKES MEDICAL CENTER,5200 FAIRVIEW BOULEVARD,WYOMING,MN,55092,13,CHISAGO,763-389-6481,651-982-7110,NONPROFIT CORPORATION,,Provider Has Deemed Status,,FAIRVIEW HEALTH SERVICES,MR. JOHN HERMAN,61,12,61
171,MANUAL,,453951.2444,5045167.27,408,FAIRVIEW NORTHLAND REG HOSP,911 NORTHLAND DRIVE,PRINCETON,MN,55371,48,MILLE LACS,763-389-6481,763-389-6306,NONPROFIT CORPORATION,,Provider Has Deemed Status,,FAIRVIEW HEALTH SERVICES,MR. JOHN HERMAN,54,10,54
172,MANUAL,,478421.9976,4955106.38,107,FAIRVIEW RIDGES HOSPITAL,201 EAST NICOLLET BOULEVARD,BURNSVILLE,MN,55337,19,DAKOTA,952-892-2101,952-892-2107,NONPROFIT CORPORATION,,Provider Has Deemed Status,,FAIRVIEW HEALTH SERVICES,MR. PATRICK BELLAND,150,48,150
173,MANUAL,,474187.0488,4970370.544,201,FAIRVIEW SOUTHDALE HOSPITAL,6401 FRANCE AVENUE SOUTH,EDINA,MN,55435,27,HENNEPIN,952-924-5100,952-924-5382,NONPROFIT CORPORATION,,Provider Has Deemed Status,,FAIRVIEW HEALTH SERVICES,MR. PATRICK BELLAND,390,45,372
174,MANUAL,,477400.202,5080175.787,308,FIRSTLIGHT HEALTH SYSTEM,301 HIGHWAY 65 SOUTH,MORA,MN,55051,33,KANABEC,320-679-1212,320-225-3320,COUNTY,Medicare Certified Critical Access Hospital,Provider Has Deemed Status,Medicare Certified Swing Bed,FIRST LIGHT HEALTH SYSTEM,MR. RANDY ULSETH,49,8,0
175,MANUAL,,492476.1722,4978093.287,488,GILLETTE CHILDRENS SPEC HOSP,200 UNIVERSITY AVENUE EAST,ST PAUL,MN,55101,62,RAMSEY,651-578-5611,651-229-3844,NONPROFIT CORPORATION,,Provider Has Deemed Status,,HEALTHPARTNERS,MS. BARBARA JOERS,60,0,60
176,MANUAL,,313824.5342,5057529.769,473,GLACIAL RIDGE HOSPITAL,10 4TH AVENUE SE,GLENWOOD,MN,56334,61,POPE,320-634-4521,320-634-2269,HOSPITAL DISTRICT OR AUTHORITY,Medicare Certified Critical Access Hospital,,Medicare Certified Swing Bed,INDEPENDENT,MR. KIRK STENSRUD,34,4,0
177,MANUAL,,408726.905,4958978.747,351,GLENCOE REGIONAL HEALTH SRVCS,1805 HENNEPIN AVENUE NORTH,GLENCOE,MN,55336,43,MCLEOD,320-864-3121,320-864-7887,NONPROFIT CORPORATION,Medicare Certified Critical Access Hospital,,Medicare Certified Swing Bed,INDEPENDENT,MR. JON BRABAND,49,8,0
178,MANUAL,,457941.2614,5230156.644,297,GRAND ITASCA CLINIC & HOSP,1601 GOLF COURSE ROAD,GRAND RAPIDS,MN,55744,31,ITASCA,218-999-3401,218-999-1461,NONPROFIT CORPORATION,,Provider Has Deemed Status,,INDEPENDENT,MR. MICHAEL YOUSO,64,10,64
179,MANUAL,,491890.1073,4978337.81,976,HEALTHEAST BETHESDA HOSPITAL,559 CAPITOL BOULEVARD,ST PAUL,MN,55103,62,RAMSEY,651-232-2185,651-232-2118,NONPROFIT CORPORATION,,Provider Has Deemed Status,,HEALTHEAST,MR. PATRICK BELLAND,254,0,254
180,MANUAL,,497298.964,4986176.302,224,HEALTHEAST ST JOHNS HOSPITAL,1575 BEAM AVENUE,MAPLEWOOD,MN,55109,62,RAMSEY,651-232-7000,651-232-7240,NONPROFIT CORPORATION,,Provider Has Deemed Status,,HEALTHEAST,MS. LIA CHRISTIANSEN,184,44,184
181,MANUAL,,501856.5166,4974275.794,4278,HEALTHEAST WOODWINDS HOSPITAL,1925 WOODWINDS DRIVE,WOODBURY,MN,55125,82,WASHINGTON,651-232-2185,651-232-6888,NONPROFIT CORPORATION,,Provider Has Deemed Status,,HEALTHEAST,MS. LIA CHRISTIANSEN,86,28,86
182,MANUAL,,228267.196,4933743.165,340,HENDRICKS COMM HOSP,503 EAST LINCOLN STREET,HENDRICKS,MN,56136,41,LINCOLN,507-275-3134,507-275-2242,NONPROFIT CORPORATION,Medicare Certified Critical Access Hospital,,Medicare Certified Swing Bed,INDEPENDENT,MR. JEFFREY GOLLAHER,24,0,0
183,MANUAL,,479308.6028,4979884.09,211,HENNEPIN COUNTY MEDICAL CTR,701 PARK AVENUE,MINNEAPOLIS,MN,55415,27,HENNEPIN,612-873-3629,612-873-1985,COUNTY,,Provider Has Deemed Status,,INDEPENDENT,MR. ANTHONY CAMPISI,894,65,765
184,MANUAL,,391512.1874,4970071.117,350,HUTCHINSON HEALTH,1095 HIGHWAY 15 SOUTH,HUTCHINSON,MN,55350,43,MCLEOD,320-234-5000,320-484-4688,NONPROFIT CORPORATION,,Provider Has Deemed Status,,ALLINA HOSP & CLINICS,DR. STEVEN MULDER,66,6,54
185,MANUAL,,258010.5344,4979899.829,326,JOHNSON MEMORIAL HOSP & HOME,1282 WALNUT STREET,DAWSON,MN,56232,37,LAC QUI PARLE,320-769-4323,320-769-2972,HOSPITAL DISTRICT OR AUTHORITY,Medicare Certified Critical Access Hospital,,Medicare Certified Swing Bed,INDEPENDENT,MS. STACEY LEE,20,2,0
186,MANUAL,,210482.705,5409028.432,321,KITTSON MEMORIAL HOSPITAL,1010 SOUTH BIRCH AVENUE,HALLOCK,MN,56728,35,KITTSON,218-843-3612,218-843-8879,NONPROFIT CORPORATION,Medicare Certified Critical Access Hospital,,Medicare Certified Swing Bed,SANFORD,MS. CINDY URBANIAK,15,0,0
187,MANUAL,,263217.9388,5129430.238,437,LAKE REGION HEALTHCARE CORP,712 CASCADE STREET SOUTH,FERGUS FALLS,MN,56537,56,OTTER TAIL,218-736-8000,218-736-8765,NONPROFIT CORPORATION,,Provider Has Deemed Status,,INDEPENDENT,MR. KYLE RICHARDS,108,10,80
188,MANUAL,,601334.5816,5209371.797,331,LAKE VIEW MEMORIAL HOSPITAL,325 11TH AVENUE,TWO HARBORS,MN,55616,38,LAKE,218-834-7300,218-834-7388,NONPROFIT CORPORATION,Medicare Certified Critical Access Hospital,,Medicare Certified Swing Bed,ST. LUKE'S DULUTH,MR. GRET RUBERG,25,1,0
189,MANUAL,,514316.0568,4988214.682,689,LAKEVIEW MEMORIAL HOSPITAL,927 WEST CHURCHILL STREET,STILLWATER,MN,55082,82,WASHINGTON,651-430-5330,651-430-4512,NONPROFIT CORPORATION,,Provider Has Deemed Status,,HEALTH PARTNERS,MR. THEODORE WEGLEITNER,97,15,97
190,MANUAL,,382257.378,5396074.542,333,LAKEWOOD HEALTH CENTER,600 MAIN AVENUE SOUTH,BAUDETTE,MN,56623,39,LAKE OF THE WOODS,218-634-2120,218-634-3416,CHURCH RELATED,Medicare Certified Critical Access Hospital,,Medicare Certified Swing Bed,CATHOLIC HEALTH INITIATIVES,MR. BENJAMIN KOPPELMAN,15,0,0
191,MANUAL,,365218.6541,5134553.897,24633,LAKEWOOD HEALTH SYSTEM,49725 COUNTY ROAD 83,STAPLES,MN,56479,77,TODD,218-894-1515,218-894-8355,NONPROFIT CORPORATION,Medicare Certified Critical Access Hospital,,Medicare Certified Swing Bed,INDEPENDENT,MR. TIM RICE,37,8,0
192,MANUAL,,297458.3541,5413259.273,579,LIFECARE MEDICAL CENTER,715 DELMORE DRIVE,ROSEAU,MN,56751,68,ROSEAU,218-463-2500,218-463-1266,NONPROFIT CORPORATION,Medicare Certified Critical Access Hospital,Provider Has Deemed Status,Medicare Certified Swing Bed,INDEPENDENT,MS. EMILY STRAW,25,7,0
193,MANUAL,,387058.2827,4878310.57,696,MADELIA COMMUNITY HOSPITAL,121 DREW AVENUE SE,MADELIA,MN,56062,83,WATONWAN,507-642-3255,507-642-8516,NONPROFIT CORPORATION,Medicare Certified Critical Access Hospital,Provider Has Deemed Status,Medicare Certified Swing Bed,INDEPENDENT,MS. CANDACE FENSKE,25,2,0
194,MANUAL,,248821.7831,4989909.094,328,MADISON HOSPITAL,820 3RD AVENUE,MADISON,MN,56256,37,LAC QUI PARLE,320-598-7536,320-598-3470,NONPROFIT CORPORATION,Medicare Certified Critical Access Hospital,,Medicare Certified Swing Bed,INDEPENDENT,MR. ERIK BJERKE,12,2,0
195,MANUAL,,275313.1974,5244095.206,353,MAHNOMEN HEALTH CENTER,414 WEST JEFFERSON AVENUE,MAHNOMEN,MN,56557,44,MAHNOMEN,218-935-2511,218-935-2370,CITY-COUNTY,Medicare Certified Critical Access Hospital,,Medicare Certified Swing Bed,SANFORD,MR. DALE KRUGER,18,0,0
196,MANUAL,,462172.9858,4997835.416,25593,MAPLE GROVE HOSPITAL,9875 HOSPITAL DRIVE,MAPLE GROVE,MN,55369,27,HENNEPIN,763-581-1000,763-581-1555,NONPROFIT CORPORATION,,Provider Has Deemed Status,,NORTH/FAIRVIEW HEALTH SERVICES,MR. ANDY COCHRANE,130,50,130
197,MANUAL,,469940.9635,4833329.983,920,MAYO CLINIC HEALTH SYS ALBT LE,404 WEST FOUNTAIN STREET,ALBERT LEA,MN,56007,24,FREEBORN,507-377-6452,507-377-6383,NONPROFIT CORPORATION,,Provider Has Deemed Status,,MAYO,MS. KRISTIN JOHNSON,159,22,143
198,MANUAL,,507697.0189,4925876.939,140,MAYO CLINIC HEALTH SYS CF,32021 COUNTY 24 BOULEVARD,CANNON FALLS,MN,55009,25,GOODHUE,507-263-6000,507-263-9640,NONPROFIT CORPORATION,Medicare Certified Critical Access Hospital,Provider Has Deemed Status,Medicare Certified Swing Bed,MAYO,MR. WILLIAM PRIEST,15,0,0
199,MANUAL,,383008.7428,4832778.622,359,MAYO CLINIC HEALTH SYS FAIRMNT,800 MEDICAL CENTER DRIVE,FAIRMONT,MN,56031,46,MARTIN,507-238-8651,507-238-8659,NONPROFIT CORPORATION,,Provider Has Deemed Status,Medicare Certified Swing Bed,MAYO,MS. AMY LONG,57,16,57
200,MANUAL,,556660.363,4923149.554,20693,MAYO CLINIC HEALTH SYS LAKE CI,500 WEST GRANT STREET,LAKE CITY,MN,55041,79,WABASHA,651-345-5955,651-345-1182,NONPROFIT CORPORATION,Medicare Certified Critical Access Hospital,Provider Has Deemed Status,Medicare Certified Swing Bed,MAYO,MR. WILLIAM PRIEST,18,2,0
201,MANUAL,,421330.5476,4890568.379,33,MAYO CLINIC HEALTH SYS MANKATO,1025 MARSH STREET,MANKATO,MN,56001,7,BLUE EARTH,507-385-2646,507-385-2908,NONPROFIT CORPORATION,,Provider Has Deemed Status,,MAYO,MR. TERRY BRANDT,272,26,272
202,MANUAL,,533994.2988,4934188.471,21423,MAYO CLINIC HEALTH SYS RED WIN,701 HEWITT BOULEVARD PO BOX 95,RED WING,MN,55066,25,GOODHUE,651-267-5000,651-267-5935,NONPROFIT CORPORATION,,Provider Has Deemed Status,,MAYO,MR. WILLIAM PRIEST,50,7,50
203,MANUAL,,342625.3184,4901154.059,44,MAYO CLINIC HEALTH SYS SPRINGF,625 JACKSON AVENUE NORTH,SPRINGFIELD,MN,56087,8,BROWN,507-723-6201,507-723-6447,NONPROFIT CORPORATION,Medicare Certified Critical Access Hospital,Provider Has Deemed Status,Medicare Certified Swing Bed,MAYO,MR. SCOTT THORESON,24,6,0
204,MANUAL,,370334.1703,4870862.239,698,MAYO CLINIC HEALTH SYS ST JAME,1101 MOULTON & PARSONS DRIVE,ST JAMES,MN,56081,83,WATONWAN,507-375-8601,507-375-8605,NONPROFIT CORPORATION,Medicare Certified Critical Access Hospital,Provider Has Deemed Status,Medicare Certified Swing Bed,MAYO,MR. SCOTT THORESON,25,6,0
205,MANUAL,,459309.6704,4881075.912,908,MAYO CLINIC HEALTH SYS WASECA,501 NORTH STATE STREET,WASECA,MN,56093,81,WASECA,507-835-1210,507-781-8945,NONPROFIT CORPORATION,Medicare Certified Critical Access Hospital,Provider Has Deemed Status,Medicare Certified Swing Bed,MAYO,MS. APRIL LANZ,35,0,0
206,MANUAL,,541458.1376,4874286.358,428,MAYO CLINIC HOSPITAL ROCHESTER,1216 2ND STREET SW,ROCHESTER,MN,55902,55,OLMSTED,507-255-1991,507-255-3125,NONPROFIT CORPORATION,,Provider Has Deemed Status,,MAYO,MR. FRANKLIN ACKERMAN,2059,81,1913
207,MANUAL,,454385.7372,4932687.569,607,MCHS NEW PRAGUE,301 2ND STREET NE,NEW PRAGUE,MN,56071,70,SCOTT,952-758-4431,952-758-2166,NONPROFIT CORPORATION,Medicare Certified Critical Access Hospital,Provider Has Deemed Status,Medicare Certified Swing Bed,MAYO,MS. MARY KLIMP,49,6,0
208,MANUAL,,379724.5759,4997379.906,370,MEEKER MEMORIAL HOSPITAL,612 SOUTH SIBLEY AVENUE,LITCHFIELD,MN,55355,47,MEEKER,320-693-4507,320-693-4567,COUNTY,Medicare Certified Critical Access Hospital,,Medicare Certified Swing Bed,INDEPENDENT,MR. KYLE RASMUSSEN,35,4,0
209,MANUAL,,470959.2701,5003370.054,9,MERCY HOSPITAL,4050 COON RAPIDS BOULEVARD,COON RAPIDS,MN,55433,2,ANOKA,763-236-8100,763-236-8124,NONPROFIT CORPORATION,,Provider Has Deemed Status,,ALLINA HOSP & CLINICS,MS. SARA CRIGER,546,27,531
210,MANUAL,,517400.8011,5143127.822,27650,MERCY HOSPITAL,4572 COUNTY ROAD 61,MOOSE LAKE,MN,55767,9,CARLTON,218-485-4481,218-485-5654,HOSPITAL DISTRICT OR AUTHORITY,Medicare Certified Critical Access Hospital,,Medicare Certified Swing Bed,INDEPENDENT,MR. MICHAEL DELFS,25,4,0
211,MANUAL,,448776.256,5102385.575,374,MILLE LACS HEALTH SYSTEM,200 NORTH ELM STREET,ONAMIA,MN,56359,48,MILLE LACS,320-532-2802,320-532-3111,NONPROFIT CORPORATION,Medicare Certified Critical Access Hospital,,Medicare Certified Swing Bed,INDEPENDENT,MS. KIM KUCERA,28,3,0
212,MANUAL,,298882.876,4964825.718,725,MUNICIPAL HOSP & GRANITE MANOR,345 10TH AVENUE,GRANITE FALLS,MN,56241,87,YELLOW MEDICINE,320-564-3111,320-313-3396,CITY,Medicare Certified Critical Access Hospital,,Medicare Certified Swing Bed,ACMC,MR. TOM KOOIMAN,30,3,0
213,MANUAL,,278696.0806,4874748.456,397,MURRAY COUNTY MEM HOSP,2042 JUNIPER AVENUE,SLAYTON,MN,56172,51,MURRAY,507-836-6111,507-836-6700,COUNTY,Medicare Certified Critical Access Hospital,,Medicare Certified Swing Bed,SANFORD,MR. DENNIS GOEBEL,25,2,0
214,MANUAL,,382226.4064,4907735.777,839,NEW ULM MEDICAL CENTER,1324 5TH STREET NORTH,NEW ULM,MN,56073,8,BROWN,507-217-5000,507-217-5575,NONPROFIT CORPORATION,Medicare Certified Critical Access Hospital,Provider Has Deemed Status,,ALLINA HOSP & CLINICS,MR. TOBY FREIER,62,10,0
215,MANUAL,,474653.6653,4984533.673,240,NORTH MEMORIAL HEALTH,3300 OAKDALE AVENUE NORTH,ROBBINSDALE,MN,55422,27,HENNEPIN,763-520-5200,763-581-4665,NONPROFIT CORPORATION,,Provider Has Deemed Status,,NORTH,MR. JEFF WICKLANDER,518,42,474
216,MANUAL,,699242.3144,5292657.826,80,NORTH SHORE HEALTH,515 5TH AVENUE WEST,GRAND MARAIS,MN,55604,16,COOK,218-387-3040,218-387-3289,HOSPITAL DISTRICT OR AUTHORITY,Medicare Certified Critical Access Hospital,,Medicare Certified Swing Bed,INDEPENDENT,MS. KIMBER WRAALSTAD,16,0,0
217,MANUAL,,219487.3363,5344823.391,871,NORTH VALLEY HEALTH CENTER,300 WEST GOOD SAMARITAN DRIVE,WARREN,MN,56762,45,MARSHALL,218-745-4211,218-745-4215,NONPROFIT CORPORATION,Medicare Certified Critical Access Hospital,,Medicare Certified Swing Bed,INDEPENDENT,MR. JON LINNELL,12,0,0
218,MANUAL,,484791.1287,4924452.604,566,NORTHFIELD CITY HOSPITAL & NSG,2000 NORTH AVENUE,NORTHFIELD,MN,55057,19,DAKOTA,507-646-1001,507-646-1392,CITY,,,Medicare Certified Swing Bed,INDEPENDENT,MS. TAMMY HAYES,37,12,37
219,MANUAL,,544937.4617,4874258.652,422,OLMSTED MEDICAL CENTER,1650 4TH STREET SE,ROCHESTER,MN,55904,55,OLMSTED,507-287-2761,507-287-2779,NONPROFIT CORPORATION,,Provider Has Deemed Status,,INDEPENDENT,MR. TIM WEIR,61,28,61
220,MANUAL,,229912.5775,5023762.624,29,ORTONVILLE AREA HEALTH SERVICE,450 EASTVOLD AVENUE,ORTONVILLE,MN,56278,6,BIG STONE,320-839-2502,320-839-4277,CITY,Medicare Certified Critical Access Hospital,,Medicare Certified Swing Bed,SANFORD,MR. DAVID ROGERS,25,4,0
221,MANUAL,,479906.832,4884344.725,986,OWATONNA HOSPITAL,2250 26TH STREET NW,OWATONNA,MN,55060,74,STEELE,507-977-2000,507-977-2335,NONPROFIT CORPORATION,,Provider Has Deemed Status,,ALLINA HOSP & CLINICS,MR. DAVID ALBRECHT,43,16,33
222,MANUAL,,471434.2896,4975124.601,230,PARK NICOLLET METHODIST HOSP,6500 EXCELSIOR BLVD PO BOX 650,ST LOUIS PARK,MN,55440,27,HENNEPIN,952-993-5000,952-993-5936,NONPROFIT CORPORATION,,Provider Has Deemed Status,,HEALTHPARTNERS,MS. ROXANNA GAPSTUR,426,50,426
223,MANUAL,,302060.0325,5162487.075,28377,PERHAM HEALTH,1000 CONEY STREET WEST,PERHAM,MN,56573,56,OTTER TAIL,218-347-1301,218-347-1650,HOSPITAL DISTRICT OR AUTHORITY,Medicare Certified Critical Access Hospital,Provider Has Deemed Status,Medicare Certified Swing Bed,SANFORD,MR. CHUCK HOFIUS,25,4,0
224,MANUAL,,479153.5341,4978540.459,231,PHILLIPS EYE INSTITUTE,2215 PARK AVENUE SOUTH,MINNEAPOLIS,MN,55404,27,HENNEPIN,612-775-8751,612-775-9601,NONPROFIT CORPORATION,,Provider Has Deemed Status,,ALLINA HOSP & CLINICS,DR. DANIEL CONRAD,20,0,20
225,MANUAL,,233516.4613,4876241.622,456,PIPESTONE COUNTY MEDICAL CENTE,916 4TH AVENUE SW,PIPESTONE,MN,56164,59,PIPESTONE,507-825-5811,507-825-5733,COUNTY,Medicare Certified Critical Access Hospital,,Medicare Certified Swing Bed,AVERA,MR. BRADLEY BURRIS,44,7,0
226,MANUAL,,270471.0452,5097687.291,154,PRAIRIE RIDGE HOSP HLTH SERV,1411 HIGHWAY 79 EAST,ELBOW LAKE,MN,56531,26,GRANT,218-685-7300,218-685-7296,NONPROFIT CORPORATION,Medicare Certified Critical Access Hospital,,Medicare Certified Swing Bed,LAKE REGION HEALTH CARE,MS. DANIELLE LESMEISTER,10,2,0
227,MANUAL,,468163.8826,5382503.409,323,RAINY LAKE MEDICAL CENTER,1400 HIGHWAY 71,INTERNATIONAL FALLS,MN,56649,36,KOOCHICHING,218-283-4481,218-283-2281,NONPROFIT CORPORATION,Medicare Certified Critical Access Hospital,,Medicare Certified Swing Bed,ESSENTIA / IND.,MS. BONNIE ERICKSON,25,5,0
228,MANUAL,,332640.8477,4933622.888,545,REDWOOD AREA HOSPITAL,100 FALLWOOD ROAD,REDWOOD FALLS,MN,56283,64,REDWOOD,507-637-4500,507-637-6000,CITY,Medicare Certified Critical Access Hospital,,Medicare Certified Swing Bed,INDEPENDENT,MR. BRYAN LYDICK,25,6,0
229,MANUAL,,473695.8251,4982148.763,158,REGENCY HOSPITAL OF MPLS LLC,1300 HIDDEN LAKES PARKWAY,GOLDEN VALLEY,MN,55422,27,HENNEPIN,763-302-8301,763-521-3805,LIMITED LIABILITY COMPANY,,Provider Has Deemed Status,,REGENCY,MR. TOM FUCCI - INTERIM CEO,92,0,92
230,MANUAL,,510019.3344,4954874.667,30086,REGINA HOSPITAL,1175 NININGER ROAD,HASTINGS,MN,55033,19,DAKOTA,651-480-4100,651-404-1460,NONPROFIT CORPORATION,,Provider Has Deemed Status,,ALLINA HOSP & CLINICS,MR. THOMAS THOMPSON,57,12,43
231,MANUAL,,492474.5351,4977974.353,527,REGIONS HOSPITAL,640 JACKSON STREET,ST PAUL,MN,55101,62,RAMSEY,651-254-3456,651-254-2194,NONPROFIT CORPORATION,,Provider Has Deemed Status,,HEALTH PARTNERS,MS. MEGAN REMARK,454,26,438
232,MANUAL,,343934.1135,4959802.185,558,RENVILLE COUNTY HOSP & CLINCS,100 HEALTHY WAY,OLIVIA,MN,56277,65,RENVILLE,320-523-1261,320-523-3458,COUNTY,Medicare Certified Critical Access Hospital,,Medicare Certified Swing Bed,INDEPENDENT,MR. NATHAN BLAD,16,3,0
233,MANUAL,,427182.2864,4922716.423,336,RIDGEVIEW LESUEUR MEDICAL CTR,621 SOUTH 4TH STREET,LE SUEUR,MN,56058,40,LESUEUR,507-665-3375,507-665-2191,NONPROFIT CORPORATION,Medicare Certified Critical Access Hospital,,Medicare Certified Swing Bed,ESSENTIA,MS. PAMELA WILLIAMS,15,0,0
234,MANUAL,,437378.2246,4965833.678,55,RIDGEVIEW MEDICAL CENTER,500 SOUTH MAPLE STREET,WACONIA,MN,55387,10,CARVER,952-442-2191,952-442-6543,NONPROFIT CORPORATION,,Provider Has Deemed Status,,INDEPENDENT,MR. ROBERT STEVENS,109,20,109
235,MANUAL,,413889.3471,4940275.446,618,RIDGEVIEW SIBLEY MEDICAL CTR,601 WEST CHANDLER,ARLINGTON,MN,55307,72,SIBLEY,507-964-2271,507-964-8495,NONPROFIT CORPORATION,Medicare Certified Critical Access Hospital,Provider Has Deemed Status,Medicare Certified Swing Bed,RIDGEVIEW,MR. TODD SANDBERG,20,0,0
236,MANUAL,,422494.1183,4911180.081,23299,RIVERS EDGE HOSPITAL & CLINIC,1900 NORTH SUNRISE DRIVE,ST PETER,MN,56082,52,NICOLLET,507-934-7602,507-934-7651,CITY,Medicare Certified Critical Access Hospital,Provider Has Deemed Status,Medicare Certified Swing Bed,INDEPENDENT,MR. GEORGE ROHRICH,17,0,0
237,MANUAL,,228952.069,5297408.292,470,RIVERVIEW HOSPITAL & NSG HOME,323 SOUTH MINNESOTA STREET,CROOKSTON,MN,56716,60,POLK,218-281-9200,218-281-9222,NONPROFIT CORPORATION,Medicare Certified Critical Access Hospital,Provider Has Deemed Status,Medicare Certified Swing Bed,ALTRU,MS. CARRIE MICHALSKI,49,10,0
238,MANUAL,,446436.2252,5153141.77,21927,RIVERWOOD HEALTHCARE CENTER,200 BUNKER HILL DRIVE,AITKIN,MN,56431,1,AITKIN,218-927-5501,218-927-5575,NONPROFIT CORPORATION,Medicare Certified Critical Access Hospital,Provider Has Deemed Status,Medicare Certified Swing Bed,ALLINA HOSP & CLINICS,MR. CHAD COOPER,25,6,0
239,MANUAL,,319175.8121,5266453.087,76,SANFORD BAGLEY MEDICAL CENTER,203 4TH STREET NW,BAGLEY,MN,56621,15,CLEARWATER,218-694-6501,218-694-3528,NONPROFIT CORPORATION,Medicare Certified Critical Access Hospital,,Medicare Certified Swing Bed,SANFORD,MR. ROBERT BELANGER,25,4,0
240,MANUAL,,356922.1974,5262856.08,821,SANFORD BEMIDJI MEDICAL CENTER,1300 ANNE STREET NW,BEMIDJI,MN,56601,4,BELTRAMI,218-751-5430,218-333-5880,NONPROFIT CORPORATION,,Provider Has Deemed Status,,SANFORD,MR. BRYAN NERMOE,118,12,94
241,MANUAL,,240296.6809,4955723.791,722,SANFORD CANBY MEDICAL CENTER,112 ST OLAF AVENUE SOUTH,CANBY,MN,56220,87,YELLOW MEDICINE,507-223-7277,507-223-5877,NONPROFIT CORPORATION,Medicare Certified Critical Access Hospital,,Medicare Certified Swing Bed,SANFORD,MS. LORI SISK,25,4,0
242,MANUAL,,338278.9486,4832110.61,305,SANFORD JACKSON MEDICAL CENTER,1430 NORTH HIGHWAY,JACKSON,MN,56143,32,JACKSON,507-847-2420,507-847-6241,NONPROFIT CORPORATION,Medicare Certified Critical Access Hospital,,Medicare Certified Swing Bed,SANFORD,MS. DAWN SCHNELL,20,0,0
243,MANUAL,,241174.2838,4840454.094,574,SANFORD LUVERNE MEDICAL CENTER,1600 NORTH KNISS AVENUE,LUVERNE,MN,56156,67,ROCK,507-283-2321,507-283-2091,NONPROFIT CORPORATION,Medicare Certified Critical Access Hospital,,Medicare Certified Swing Bed,SANFORD,MS. TAMMY LOOSBROCK,28,5,0
244,MANUAL,,262999.3988,5332600.435,24712,SANFORD MED CTR THIEF RVR FALL,3001 SANFORD PARKWAY,THIEF RIVER FALLS,MN,56701,57,PENNINGTON,218-681-4240,218-683-4507,NONPROFIT CORPORATION,Medicare Certified Critical Access Hospital,,Medicare Certified Swing Bed,SANFORD,MR. BRIAN CARLSON,26,10,0
245,MANUAL,,227960.5738,5078798.34,670,SANFORD MEDICAL CENTER WHEATON,401 12TH STREET NORTH,WHEATON,MN,56296,78,TRAVERSE,320-563-8226,320-563-8012,NONPROFIT CORPORATION,Medicare Certified Critical Access Hospital,,Medicare Certified Swing Bed,SANFORD,MS. JOANN FOLTZ,25,4,0
246,MANUAL,,291774.72,4900980.329,344,SANFORD TRACY MEDICAL CENTER,251 5TH STREET EAST,TRACY,MN,56175,42,LYON,507-629-8400,507-629-8486,NONPROFIT CORPORATION,Medicare Certified Critical Access Hospital,,Medicare Certified Swing Bed,SANFORD,MS. STACY BARSTAD,25,0,0
247,MANUAL,,304575.6963,4879831.542,83,SANFORD WESTBROOK MEDICAL CTR,920 BELL AVENUE,WESTBROOK,MN,56183,17,COTTONWOOD,507-274-1150,507-274-1111,NONPROFIT CORPORATION,Medicare Certified Critical Access Hospital,,Medicare Certified Swing Bed,SANFORD,MS. STACY BARSTAD,8,0,0
248,MANUAL,,290349.6972,4833220.936,412,SANFORD WORTHINGTON MEDICAL,1018 6TH AVENUE,WORTHINGTON,MN,56187,53,NOBLES,507-372-3110,507-372-3240,NONPROFIT CORPORATION,,,,SANFORD,MS. JENNIFER WEG,48,7,48
249,MANUAL,,483354.8837,4978397.71,256,SHRINERS HOSPITAL FOR CHILDREN,2025 EAST RIVER PARKWAY,MINNEAPOLIS,MN,55414,27,HENNEPIN,612-596-6100,612-339-9634,OTHER NONPROFIT OWNERSHIP,,Provider Has Deemed Status,,SHRINERS,MR. CHARLES LOBECK,40,0,0
250,MANUAL,,362109.2144,4906592.699,43,SLEEPY EYE MEDICAL CENTER,400 4TH AVENUE NW,SLEEPY EYE,MN,56085,8,BROWN,507-794-3571,507-794-5462,CITY,Medicare Certified Critical Access Hospital,,Medicare Certified Swing Bed,INDEPENDENT,MR. KEVIN SELLHEIM,16,4,0
251,MANUAL,,408783.5611,5047455.788,639,ST CLOUD HOSPITAL,1406 6TH AVENUE NORTH,ST CLOUD,MN,56301,73,STEARNS,320-255-5661,320-255-5711,NONPROFIT CORPORATION,,Provider Has Deemed Status,,CENTRACARE HEALTH SYSTEM,MR. CRAIG BROMAN,489,50,469
252,MANUAL,,575875.8081,4915386.395,675,ST ELIZABETHS MEDICAL CENTER,1200 GRANT BOULEVARD WEST,WABASHA,MN,55981,79,WABASHA,651-565-4531,651-565-2482,NONPROFIT CORPORATION,Medicare Certified Critical Access Hospital,,Medicare Certified Swing Bed,MINISTRY HEALTH CARE,MR. TOM CROWLEY,25,0,0
253,MANUAL,,223610.5562,5132700.393,700,ST FRANCIS MEDICAL CENTER,2400 ST FRANCIS DRIVE,BRECKENRIDGE,MN,56520,84,WILKIN,218-643-3000,218-643-0850,CHURCH RELATED,Medicare Certified Critical Access Hospital,Provider Has Deemed Status,Medicare Certified Swing Bed,CATHOLIC HEALTH INITIATIVES,MR. DAVID NELSON,25,8,0
254,MANUAL,,460206.6112,4957664.125,458,ST FRANCIS REGIONAL MED CENTER,1455 ST FRANCIS AVENUE,SHAKOPEE,MN,55379,70,SCOTT,952-403-3000,952-403-3820,NONPROFIT CORPORATION,,Provider Has Deemed Status,,ALLINA HOSP & CLINICS,MR. MIKE MCMAHAN,93,18,93
255,MANUAL,,394430.6835,5091270.397,383,ST GABRIELS HOSPITAL,815 SE 2ND STREET,LITTLE FALLS,MN,56345,49,MORRISON,320-632-5441,320-631-5680,NONPROFIT CORPORATION,Medicare Certified Critical Access Hospital,Provider Has Deemed Status,Medicare Certified Swing Bed,CATHOLIC HEALTH INITIATIVES,MR. LEE BOYLES,49,10,0
256,MANUAL,,342971.0046,5197889.211,287,ST JOSEPHS AREA HLTH SERVICES,600 PLEASANT AVENUE,PARK RAPIDS,MN,56470,29,HUBBARD,218-732-3311,218-732-1368,CHURCH RELATED,Medicare Certified Critical Access Hospital,Provider Has Deemed Status,Medicare Certified Swing Bed,CATHOLIC HEALTH INITIATIVES,MR. BEN KOPPELMAN,50,10,0
257,MANUAL,,492119.2931,4977240.387,524,ST JOSEPHS HOSPITAL,45 10TH STREET WEST,ST PAUL,MN,55102,62,RAMSEY,651-232-3000,651-232-3518,NONPROFIT CORPORATION,,Provider Has Deemed Status,,HEALTHEAST,MS. MARIA RAINES,401,40,401
258,MANUAL,,569643.6783,5183021.424,599,ST LUKES HOSPITAL,915 EAST 1ST STREET,DULUTH,MN,55805,69,SAINT LOUIS,218-249-5555,218-249-2472,NONPROFIT CORPORATION,,Provider Has Deemed Status,,INDEPENDENT,MR. ERIC LOHN,267,18,248
259,MANUAL,,273382.4736,5052033.907,653,STEVENS COMMUNITY MED CENTER,400 EAST 1ST STREET,MORRIS,MN,56267,75,STEVENS,320-589-1313,320-589-1065,NONPROFIT CORPORATION,Medicare Certified Critical Access Hospital,,,INDEPENDENT,MR. JASON BREUER,49,5,0
260,MANUAL,,295496.1228,5021184.039,659,SWIFT COUNTY BENSON HLTH SVCS,1815 WISCONSIN AVENUE,BENSON,MN,56215,76,SWIFT,320-843-4232,320-843-4172,HOSPITAL DISTRICT OR AUTHORITY,Medicare Certified Critical Access Hospital,,Medicare Certified Swing Bed,IND. / AMC,MR. KURT WALDBILLIG,21,0,0
261,MANUAL,,336062.1069,5145778.042,680,TRI COUNTY HOSPITAL,415 JEFFERSON STREET NORTH,WADENA,MN,56482,80,WADENA,218-631-7489,218-631-7503,NONPROFIT CORPORATION,Medicare Certified Critical Access Hospital,Provider Has Deemed Status,Medicare Certified Swing Bed,INDEPENDENT,MR. JOEL BEISWENGER,49,6,0
262,MANUAL,,491547.0273,4976666.23,525,UNITED HOSPITAL,333 NORTH SMITH AVENUE,ST PAUL,MN,55102,62,RAMSEY,651-241-8000,651-241-5189,NONPROFIT CORPORATION,,Provider Has Deemed Status,,ALLINA HOSP & CLINICS,MR. TOM O'CONNOR,546,40,515
263,MANUAL,,411222.4603,4831826.999,117,UNITED HOSPITAL DISTRICT,515 S MOORE STREET PO BOX 160,BLUE EARTH,MN,56013,22,FARIBAULT,507-526-3273,507-526-3621,NONPROFIT CORPORATION,Medicare Certified Critical Access Hospital,Provider Has Deemed Status,Medicare Certified Swing Bed,INDEPENDENT,MR. RICHARD ASH,43,4,0
264,MANUAL,,505288.7272,5250600.7,859,UNIVERSITY MEDICAL CTR MESABI,750 EAST 34TH STREET,HIBBING,MN,55746,69,SAINT LOUIS,218-362-6730,218-362-6619,NONPROFIT CORPORATION,,Provider Has Deemed Status,,FAIRVIEW HEALTH SERVICES,MR. PATRICK SHARP,175,16,175
265,MANUAL,,481304.4055,4979342.212,200,UNIVERSITY OF MN MED CTR,2450 RIVERSIDE AVENUE,MINNEAPOLIS,MN,55454,27,HENNEPIN,612-273-6000,612-273-4051,CHURCH RELATED,,Provider Has Deemed Status,,U OF M,MS. ELIZABETH LARSEN,1700,168,1525
266,MANUAL,,330221.9166,4860615.924,796,WINDOM AREA HOSPITAL,2150 HOSPITAL DRIVE,WINDOM,MN,56101,17,COTTONWOOD,507-831-2400,507-831-5749,CITY,Medicare Certified Critical Access Hospital,,Medicare Certified Swing Bed,SANFORD,MS. SHELBY MEDINA,18,6,0
267,MANUAL,,610341.2236,4876510.663,701,WINONA HEALTH SERVICES,855 MANKATO AVENUE,WINONA,MN,55987,85,WINONA,507-454-3650,507-457-4159,NONPROFIT CORPORATION,,,,INDEPENDENT,MS. RACHELLE SCHULTZ,49,8,38
268,MANUAL,100,479778.532,4994813.09,11,UNITY HOSPITAL,550 OSBORNE RD,FRIDLEY,MN,55432,2,ANOKA,763-236-3888,763-236-3774,NONPROFIT CORPORATION,,Provider Has Deemed Status,,ALLINA HOSP & CLINICS,MS. HELEN STRIKE,275,0,260
269,MANUAL,100,542809.1304,4874672.672,423,MAYO CLINIC HOSPITAL - METHODIST CAMP,201 WEST CENTER STREET,ROCHESTER,MN,55902,,,507-266-7067,,SEE HFID428 - MAYO CLINIC HOSPITAL ROCH*,,,,MAYO,SEE HFID428 - MAYO CLINIC HOSPITAL ROCHESTER,,,
270,MANUAL,100,501716.3408,4835728.214,395,MAYO CLINIC HEALTH SYS AUSTIN,1000 FIRST DRIVE NORTHWEST,AUSTIN,MN,55912,,,507-433-7351,,,,,,MAYO,INFORMATION NOT FOUND,82,,
271,MANUAL,100,483755.3893,4972041.615,0,VA MEDICAL CENTER,1 VETERANS DR,FORT SNELLING,MN,55111,,HENNEPIN,612-725-2000,,,,,,VA HEALTH CARE SYSTEM,INFORMATION NOT FOUND,,,
272,MANUAL,,481747.7779,4979762.39,,"U OF M MED CNTR, EAST BANK",500 SE HARVARD ST,MINNEAPOLIS,MN,55455,,HENNEPIN,612-672-7000,,MS. CAROLYN WILSON,,,,,SEE HFID200 UNIVERSITY OF MN MED CTR,,,
273,MANUAL,,481287.4465,4979247.67,,UM MASONIC CHILDRENS HOSPITAL,2450 RIVERSIDE AVE,MINNEAPOLIS,MN,55455,,HENNEPIN,612-365-1000,,MS. CAROLYN WILSON,,,,,SEE HFID200 UNIVERSITY OF MN MED CTR,,,
274,MANUAL,,378583.5991,5249139.055,22140,CASS LAKE INDIAN HLTH SERV HOS,425 7TH STREET NW,CASS LAKE,MN,56633,11,CASS,218-335-3200,218-335-3300,U.S. PUBLIC HEALTH SERVICE,Medicare Certified Critical Access Hospital,,Medicare Certified Swing Bed,INDEPENDENT,MS. NORINE SMITH,0,0,0
275,,,348273.8066,5304716.453,,RED LAKE HOSPITAL,24760 HOSPITAL DRIVE,RED LAKE,MN,56671,,BELTRAMI,218-679-3712,,,CRITICAL ACCESS,,,,INFORMATION NOT FOUND,,,
